{"cameraMode":{"drawMode":0,"name":"Shaded","section":"Shading Mode"},"sceneLighting":false,"audioPlay":false,"sceneViewState":{"m_AlwaysRefresh":false,"showFog":true,"showSkybox":true,"showFlares":true,"showImageEffects":true,"showParticleSystems":true,"showVisualEffectGraphs":true,"m_FxEnabled":true},"in2DMode":false,"pivot":{"x":13.096672058105469,"y":-16.260662078857423,"z":39.53314971923828},"rotation":{"x":-0.2793963551521301,"y":0.17785897850990296,"z":-0.052748169749975207,"w":-0.9420838952064514},"size":28.071693420410158,"orthographic":false}