{"cameraMode":{"drawMode":0,"name":"Shaded","section":"Shading Mode"},"sceneLighting":false,"audioPlay":false,"sceneViewState":{"m_AlwaysRefresh":false,"showFog":false,"showSkybox":false,"showFlares":false,"showImageEffects":false,"showParticleSystems":false,"showVisualEffectGraphs":true,"m_FxEnabled":true},"in2DMode":false,"pivot":{"x":0.000003814697265625,"y":0.8961485624313355,"z":-0.0005744844675064087},"rotation":{"x":0.24421778321266175,"y":-0.4755033850669861,"z":0.13931138813495637,"w":0.8335782885551453},"size":1.2853468656539918,"orthographic":true}