{"cameraMode":{"drawMode":0,"name":"Shaded","section":"Shading Mode"},"sceneLighting":false,"audioPlay":false,"sceneViewState":{"m_AlwaysRefresh":false,"showFog":true,"showSkybox":false,"showFlares":true,"showImageEffects":true,"showParticleSystems":true,"showVisualEffectGraphs":true,"m_FxEnabled":true},"in2DMode":false,"pivot":{"x":-0.025374898687005044,"y":0.06451169401407242,"z":1.2914650440216065},"rotation":{"x":0.06164053827524185,"y":-0.7023084759712219,"z":0.061255451291799548,"w":0.7065489292144775},"size":0.36386775970458987,"orthographic":true}