{"cameraMode":{"drawMode":0,"name":"Shaded","section":"Shading Mode"},"sceneLighting":false,"audioPlay":false,"sceneViewState":{"m_AlwaysRefresh":false,"showFog":true,"showSkybox":false,"showFlares":true,"showImageEffects":true,"showParticleSystems":true,"showVisualEffectGraphs":true,"m_FxEnabled":true},"in2DMode":false,"pivot":{"x":12.29770565032959,"y":1.315999984741211,"z":12.729414939880371},"rotation":{"x":0.06615713238716126,"y":-0.6987526416778565,"z":0.06517133861780167,"w":0.7093132138252258},"size":1.6541085243225098,"orthographic":true}